orgao,ano,qtd_pedidos_lai,tempo_medio_resposta_dias,percentual_sem_resposta,percentual_acesso_concedido,percentual_acesso_negado,percentual_acesso_parcial,qtd_recursos_lai,taxa_recurso_lai
"ADASA - Agência Reguladora de Águas, Energia e Saneamento",2023,362,8.624866952232606,40.88397790055249,37.84530386740331,2.4861878453038675,0.2762430939226519,10,0.027624309392265192
Administração Arapoanga - RA XXXIV,2023,24,1.551937134502924,20.833333333333336,20.833333333333336,8.333333333333332,4.166666666666666,0,0.0
Administração Arniqueira - RA XXXIII,2023,146,6.0671780303030305,24.65753424657534,12.32876712328767,1.36986301369863,0.684931506849315,1,0.00684931506849315
Administração Brazlândia - RA IV,2023,99,22.785245433789957,26.262626262626267,79.7979797979798,1.0101010101010102,6.0606060606060606,2,0.020202020202020204
Administração Candangolândia - RA XIX,2023,59,5.833128156565656,25.423728813559322,27.11864406779661,3.389830508474576,5.084745762711865,1,0.01694915254237288
Administração Ceilândia - RA IX,2023,260,8.47882660366552,25.384615384615383,16.153846153846153,7.6923076923076925,7.307692307692308,9,0.03461538461538462
Administração Cruzeiro - RA XI,2023,56,12.64983660130719,39.285714285714285,39.285714285714285,3.571428571428571,1.7857142857142856,2,0.03571428571428571
Administração Fercal - RA XXXI,2023,39,50.52379115226337,30.76923076923077,30.76923076923077,7.6923076923076925,56.41025641025641,0,0.0
Administração Gama - RA II,2023,111,9.863815789473684,31.53153153153153,38.73873873873874,2.7027027027027026,9.90990990990991,4,0.036036036036036036
Administração Guará - RA X,2023,140,4.365521572104019,32.857142857142854,22.142857142857142,5.0,7.142857142857142,5,0.03571428571428571
Administração Itapoã - RA XXVIII,2023,61,4.984398148148148,26.229508196721312,18.0327868852459,0.0,6.557377049180328,2,0.03278688524590164
Administração Jardim Botânico - RA XXVII,2023,78,6.969864766081872,51.28205128205128,41.02564102564102,1.282051282051282,5.128205128205128,9,0.11538461538461539
Administração Lago Norte - RA-XVIII,2023,105,8.305121527777779,31.428571428571427,50.476190476190474,17.142857142857142,0.9523809523809524,3,0.02857142857142857
Administração Lago Sul - RA XVI,2023,64,2.888819444444444,53.125,57.8125,1.5625,17.1875,5,0.078125
Administração Núcleo Bandeirante - RA VIII,2023,65,5.2119263285024156,29.230769230769234,1.5384615384615385,1.5384615384615385,1.5384615384615385,2,0.03076923076923077
Administração Paranoá - RA VII,2023,62,3.7727506038647345,25.806451612903224,46.774193548387096,3.225806451612903,1.6129032258064515,2,0.03225806451612903
Administração Park Way - RA XXIV,2023,52,8.052163461538461,50.0,53.84615384615385,3.8461538461538463,9.615384615384617,5,0.09615384615384616
Administração Planaltina - RA VI,2023,132,6.7865789473684215,28.030303030303028,26.515151515151516,2.272727272727273,1.5151515151515151,3,0.022727272727272728
Administração Plano Piloto - RA I,2023,181,6.921765046296296,33.70165745856354,41.43646408839779,1.6574585635359116,2.7624309392265194,11,0.06077348066298342
Administração Recanto das Emas - RA XV,2023,70,11.86703354297694,24.285714285714285,22.857142857142858,7.142857142857142,5.714285714285714,1,0.014285714285714285
Administração Riacho Fundo I - RA XVII,2023,54,5.154823573573574,31.48148148148148,37.03703703703704,3.7037037037037033,0.0,2,0.037037037037037035
Administração Riacho Fundo II - RA XXI,2023,81,2.1807347670250894,23.456790123456788,18.51851851851852,1.2345679012345678,2.4691358024691357,1,0.012345679012345678
Administração S.C.I.A / Estrutural - RA XXV,2023,38,14.363744212962963,36.84210526315789,97.36842105263158,0.0,0.0,1,0.02631578947368421
Administração S.I.A - RA XXIX,2023,43,7.237654320987654,37.2093023255814,41.86046511627907,11.627906976744185,4.651162790697675,2,0.046511627906976744
Administração Samambaia - RA XII,2023,142,5.700805555555555,47.183098591549296,50.0,5.633802816901409,0.7042253521126761,29,0.20422535211267606
Administração Santa Maria - RA XIII,2023,88,8.518454218106996,38.63636363636363,71.5909090909091,4.545454545454546,5.681818181818182,5,0.056818181818181816
Administração Sobradinho - RA V,2023,106,5.12590811965812,38.67924528301887,29.245283018867923,1.8867924528301887,0.9433962264150944,5,0.04716981132075472
Administração Sobradinho II - RA XXVI,2023,74,5.8482716049382715,39.189189189189186,37.83783783783784,2.7027027027027026,5.405405405405405,5,0.06756756756756757
Administração Sol Nascente/Pôr do Sol - RA XXXII,2023,57,14.351426426426425,35.08771929824561,64.91228070175438,1.7543859649122806,5.263157894736842,1,0.017543859649122806
Administração Sudoeste / Octogonal - RA XXII,2023,45,7.176509661835749,48.888888888888886,48.888888888888886,8.88888888888889,2.2222222222222223,2,0.044444444444444446
Administração São Sebastião - RA XIV,2023,90,10.409511784511785,26.666666666666668,34.44444444444444,16.666666666666664,4.444444444444445,7,0.07777777777777778
Administração Taguatinga - RA III,2023,133,4.0095072751322745,36.84210526315789,21.804511278195488,2.2556390977443606,0.7518796992481203,6,0.045112781954887216
Administração Varjão - RA XXIII,2023,30,4.930473856209151,43.333333333333336,60.0,6.666666666666667,3.3333333333333335,2,0.06666666666666667
Administração Vicente Pires - RA XXX,2023,75,4.881582125603865,38.666666666666664,36.0,2.666666666666667,1.3333333333333335,2,0.02666666666666667
Administração Águas Claras - RA XX,2023,108,2.674689054726368,37.96296296296296,39.81481481481482,2.7777777777777777,5.555555555555555,5,0.046296296296296294
ArPDF - Arquivo Público do Distrito Federal,2023,67,11.898578811369509,35.82089552238806,49.25373134328358,5.970149253731343,0.0,4,0.05970149253731343
BRB - Banco de Brasília S/A,2023,180,5.8726153039832285,41.11111111111111,27.77777777777778,11.11111111111111,5.555555555555555,15,0.08333333333333333
CACI - Casa Civil do Distrito Federal,2023,137,,100.0,97.8102189781022,0.0,0.0,9,0.06569343065693431
CAESB - Companhia de Saneamento do Distrito Federal,2023,342,7.450715382467894,41.812865497076025,49.707602339181285,14.912280701754385,4.093567251461988,19,0.05555555555555555
CAMI-Casa Militar do Distrito Federal,2023,32,4.993896198830409,40.625,34.375,15.625,9.375,1,0.03125
CBMDF - Corpo de Bombeiros Militar do Distrito Federal,2023,823,4.369307324840765,80.92345078979343,96.23329283110571,0.6075334143377886,0.3645200486026731,12,0.014580801944106925
CEASA - Centrais de Abastecimento do Distrito Federal,2023,35,10.512892512077295,34.285714285714285,45.714285714285715,5.714285714285714,0.0,3,0.08571428571428572
CEB - Companhia Energética de Brasília,2023,93,9.552590388007054,32.25806451612903,20.43010752688172,9.67741935483871,35.483870967741936,2,0.021505376344086023
CGDF - Controladoria-Geral do Distrito Federal,2023,326,8.849796907756813,34.96932515337423,35.2760736196319,7.361963190184049,3.374233128834356,15,0.046012269938650305
CODHAB - Companhia de Desenvolvimento Habitacional do Distrito Federal,2023,269,21.673157225853306,43.12267657992565,62.825278810408925,8.178438661710038,7.806691449814126,29,0.10780669144981413
DER - Departamento de Estradas de Rodagem,2023,408,7.0246026976495735,49.01960784313725,66.17647058823529,13.970588235294118,0.7352941176470588,54,0.1323529411764706
DETRAN - Departamento de Trânsito,2023,823,14.487542700467458,62.454434993924664,48.48116646415553,13.730255164034022,4.738760631834751,63,0.07654921020656136
DFLEGAL - Secretaria de Estado de Proteção da Ordem Urbanística do Distrito Federal,2023,889,8.47953349014337,44.20697412823397,51.631046119235094,18.447694038245217,3.0371203599550056,60,0.06749156355455568
DPDF - Defensoria Pública do Distrito Federal,2023,172,8.695097340930674,31.976744186046513,34.30232558139535,8.720930232558139,4.651162790697675,10,0.05813953488372093
EMATER - Empresa de Assistência Técnica e Extensão Rural,2023,78,14.15920138888889,33.33333333333333,55.12820512820513,3.8461538461538463,1.282051282051282,4,0.05128205128205128
FAP - Fundação de Apoio à Pesquisa,2023,51,7.747527777777777,50.98039215686274,45.09803921568628,13.725490196078432,7.8431372549019605,5,0.09803921568627451
FEPECS - Fundação de Ensino e Pesquisa em Ciência da Saúde,2023,64,4.580508207070707,31.25,53.125,4.6875,7.8125,2,0.03125
FHB - Fundação Hemocentro de Brasília,2023,93,11.313848039215687,45.16129032258064,83.87096774193549,7.526881720430108,4.301075268817205,7,0.07526881720430108
FJZB - Fundação Jardim Zoológico de Brasilia,2023,41,9.127967171717172,46.34146341463415,56.09756097560976,4.878048780487805,2.4390243902439024,6,0.14634146341463414
FUNAP - Fundação de Amparo ao Trabalhador Preso,2023,34,8.38452380952381,38.23529411764706,47.05882352941176,0.0,2.941176470588235,1,0.029411764705882353
IBRAM - Instituto do Meio Ambiente e Recursos Hídricos do Distrito Federal - Brasília Ambiental,2023,573,10.80252962962963,34.55497382198953,54.45026178010471,5.7591623036649215,5.2356020942408374,28,0.04886561954624782
INAS - Instituto de Assistência à Saúde dos Servidores do DF,2023,186,6.3656250000000005,59.13978494623656,59.13978494623656,3.763440860215054,3.225806451612903,10,0.053763440860215055
IPEDF - Instituto de Pesquisa e Estatística do Distrito Federal - Codeplan,2023,89,7.100625,43.82022471910113,56.17977528089888,2.247191011235955,7.865168539325842,8,0.0898876404494382
IPREV/DF - Instituto de Previdência dos Servidores,2023,87,8.529215399610136,34.48275862068966,56.32183908045977,9.195402298850574,2.2988505747126435,3,0.034482758620689655
JBB - Jardim Botânico de Brasília,2023,29,7.946657986111111,44.827586206896555,62.06896551724138,0.0,3.4482758620689653,1,0.034482758620689655
"JUCIS-DF - Junta Comercial, Industrial e Serviços do Distrito Federal",2023,96,3.6086982109227868,38.54166666666667,41.66666666666667,9.375,5.208333333333334,5,0.052083333333333336
METRÔ - Companhia do Metropolitano do Distrito Federal,2023,145,16.22489814814815,48.275862068965516,74.48275862068967,6.206896551724138,1.3793103448275863,8,0.05517241379310345
NOVACAP - Companhia Urbanizadora da Nova Capital do Brasil,2023,512,10.124932199211045,33.984375,52.5390625,2.9296875,3.3203125,25,0.048828125
PCDF - Polícia Civil do Distrito Federal,2023,592,11.141554659498208,68.58108108108108,91.8918918918919,3.3783783783783785,0.0,32,0.05405405405405406
PGDF - Procuradoria Geral do Distrito Federal,2023,294,9.415639554224883,43.197278911564624,54.421768707483,12.925170068027212,18.367346938775512,12,0.04081632653061224
PMDF - Polícia Militar do Distrito Federal,2023,386,9.838088118022329,45.854922279792746,53.36787564766839,17.616580310880828,9.844559585492227,37,0.09585492227979274
PROCON/DF - Instituto de Defesa do Consumidor do Distrito Federal,2023,136,4.177153558052434,34.55882352941176,36.029411764705884,2.941176470588235,0.0,7,0.051470588235294115
SDE - Secretaria de Estado de Desenvolvimento Econômico do Distrito Federal,2023,13,7.750833333333334,23.076923076923077,30.76923076923077,7.6923076923076925,0.0,0,0.0
SEAC - Secretaria de Atendimento à Comunidade,2023,56,8.166203703703703,30.357142857142854,17.857142857142858,0.0,3.571428571428571,1,0.017857142857142856
"SEAGRI - Secretaria de Estado da Agricultura, Abastecimento e Desenvolvimento Rural do Distrito Federal",2023,290,5.333524659863946,66.20689655172414,46.89655172413793,17.24137931034483,1.7241379310344827,81,0.2793103448275862
SEAPE - Secretaria de Estado de Administração Penitenciária,2023,168,13.850210970464136,52.976190476190474,66.07142857142857,8.928571428571429,5.952380952380952,12,0.07142857142857142
SECEC - Secretaria de Estado de Cultura e Econ. Criativa do DF,2023,176,10.816687710437712,43.75,68.18181818181817,12.5,7.954545454545454,21,0.11931818181818182
SECOM - Secretaria de Estado de Comunicação do Distrito Federal,2023,61,4.429791666666667,34.42622950819672,50.81967213114754,6.557377049180328,4.918032786885246,5,0.08196721311475409
"SECTI - Secretaria de Estado de Ciência, Tecnologia e Inovação do Distrito Federal",2023,62,14.371244855967078,56.451612903225815,69.35483870967742,0.0,3.225806451612903,0,0.0
SEDES - Secretaria de Estado de Desenvolvimento Social do Distrito Federal,2023,476,7.43227472899729,31.092436974789916,28.361344537815125,6.722689075630252,2.100840336134454,20,0.04201680672268908
"SEDET - Secretaria de Estado de Desenvolvimento Econômico, Trabalho e Renda do Distrito Federal",2023,128,6.973802083333334,37.5,46.09375,4.6875,4.6875,7,0.0546875
SEDUH - Secretaria de Estado de Desenvolvimento Urbano e Habitação do Distrito Federal,2023,427,4.506872329059829,39.11007025761124,78.68852459016394,6.557377049180328,1.639344262295082,33,0.07728337236533958
SEE - Secretaria de Estado de Educação do Distrito Federal,2023,1400,10.741924732153606,34.07142857142857,72.71428571428571,2.214285714285714,1.6428571428571428,76,0.054285714285714284
SEFAZ - Secretaria de Estado de Fazenda do Distrito Federal,2023,696,5.193377616747182,40.51724137931034,41.810344827586206,4.597701149425287,4.022988505747127,56,0.08045977011494253
SEFJ - Secretaria de Estado da Família e Juventude do Distrito Federal,2023,62,9.780839646464646,29.03225806451613,22.58064516129032,9.67741935483871,11.29032258064516,1,0.016129032258064516
SEGOV - Secretaria de Estado de Governo,2023,165,2.183641975308642,45.45454545454545,15.757575757575756,0.6060606060606061,4.242424242424243,4,0.024242424242424242
SEJUS - Secretaria de Estado de Justiça e Cidadania do Distrito do Distrito Federal,2023,281,12.944085518102371,68.32740213523132,58.718861209964416,10.676156583629894,4.98220640569395,16,0.05693950177935943
SELDF - Secretaria de Estado do Esporte e Lazer do Distrito Federal,2023,158,5.367809139784947,60.75949367088608,87.9746835443038,0.0,1.2658227848101267,9,0.056962025316455694
SEMA - Secretaria de Estado do Meio Ambiente do Distrito Federal,2023,214,4.230938697318008,32.242990654205606,60.747663551401864,0.9345794392523363,1.8691588785046727,7,0.03271028037383177
SEMOB - Secretaria de Estado de Transporte e Mobilidade do Distrito Federal,2023,515,11.659806071551428,37.28155339805825,50.679611650485434,3.300970873786408,8.155339805825243,24,0.04660194174757282
"SEPLAD - Secretaria de Estado de Planejamento, Orçamento e Administração",2023,719,7.81768728956229,44.92350486787204,66.62030598052851,6.258692628650904,4.867872044506258,85,0.11821974965229486
SES - Secretaria de Estado de Saúde do Distrito Federal,2023,1708,6.620996657550896,35.7728337236534,54.09836065573771,8.840749414519907,1.3466042154566744,100,0.0585480093676815
SETUR - Secretaria de Estado de Turismo do Distrito Federal,2023,63,10.153038194444445,36.507936507936506,74.60317460317461,3.1746031746031744,3.1746031746031744,3,0.047619047619047616
SLU - Serviço de Limpeza Urbana,2023,209,5.939530922431866,49.282296650717704,52.63157894736842,2.8708133971291865,1.4354066985645932,9,0.0430622009569378
SMDF - Secretaria de Estado da Mulher do Distrito Federal,2023,90,7.6967517921146955,31.11111111111111,60.0,3.3333333333333335,11.11111111111111,5,0.05555555555555555
SODF - Secretaria de Estado de Obras e Infraestrutura do Distrito Federal,2023,174,7.343088312368972,39.08045977011494,51.724137931034484,2.8735632183908044,0.5747126436781609,7,0.040229885057471264
SSP - Secretaria de Estado da Segurança Pública do Distrito Federal,2023,251,11.110975477430555,49.00398406374502,40.23904382470119,10.358565737051793,2.788844621513944,17,0.06772908366533864
TCB - Sociedade de Transportes Coletivos de Brasília,2023,53,7.501592140921409,22.641509433962266,52.83018867924528,0.0,5.660377358490567,0,0.0
TERRACAP - Companhia Imobiliária de Brasília,2023,383,5.763821138211382,46.47519582245431,55.87467362924282,9.660574412532636,6.266318537859007,35,0.09138381201044386
UnDF - Universidade do Distrito Federal Professor Jorge Amaury Maia Nunes,2023,119,15.09197965571205,40.33613445378151,97.47899159663865,0.0,0.8403361344537815,14,0.11764705882352941
VICEGOV - Vice Governadoria do DF,2023,79,8.155352303523037,48.10126582278481,97.46835443037975,0.0,1.2658227848101267,1,0.012658227848101266
"ADASA - Agência Reguladora de Águas, Energia e Saneamento",2024,293,6.358353931261771,19.453924914675767,30.716723549488055,1.3651877133105803,0.3412969283276451,8,0.027303754266211604
Administração Arapoanga - RA XXXIV,2024,135,2.747780910609858,1.4814814814814816,10.37037037037037,10.37037037037037,14.074074074074074,1,0.007407407407407408
Administração Arniqueira - RA XXXIII,2024,193,9.581472403776326,20.72538860103627,29.533678756476682,11.917098445595855,5.181347150259067,34,0.17616580310880828
Administração Brazlândia - RA IV,2024,80,8.930176767676768,3.75,28.749999999999996,6.25,20.0,2,0.025
Administração Candangolândia - RA XIX,2024,48,4.632494212962963,0.0,12.5,0.0,10.416666666666668,0,0.0
Administração Ceilândia - RA IX,2024,249,3.4705584490740744,3.614457831325301,17.670682730923694,21.686746987951807,8.433734939759036,6,0.024096385542168676
Administração Cruzeiro - RA XI,2024,42,2.233812830687831,0.0,35.714285714285715,0.0,0.0,0,0.0
Administração Fercal - RA XXXI,2024,38,8.209665915915917,2.631578947368421,5.263157894736842,2.631578947368421,2.631578947368421,0,0.0
Administração Gama - RA II,2024,92,8.820857558139535,6.521739130434782,41.30434782608695,13.043478260869565,0.0,3,0.03260869565217391
Administração Guará - RA X,2024,164,5.572282407407408,8.536585365853659,16.463414634146343,0.6097560975609756,7.317073170731707,6,0.036585365853658534
Administração Itapoã - RA XXVIII,2024,73,7.220205479452056,0.0,24.65753424657534,2.73972602739726,6.8493150684931505,0,0.0
Administração Jardim Botânico - RA XXVII,2024,91,3.787165032679739,6.593406593406594,46.15384615384615,2.197802197802198,0.0,4,0.04395604395604396
Administração Lago Norte - RA-XVIII,2024,80,3.4656114718614717,3.75,38.75,7.5,1.25,2,0.025
Administração Lago Sul - RA XVI,2024,56,2.8376958689458687,30.357142857142854,44.642857142857146,1.7857142857142856,16.071428571428573,2,0.03571428571428571
Administração Núcleo Bandeirante - RA VIII,2024,76,2.887429549114332,9.210526315789473,0.0,2.631578947368421,2.631578947368421,5,0.06578947368421052
Administração Paranoá - RA VII,2024,63,3.3645719489981785,3.1746031746031744,22.22222222222222,9.523809523809524,0.0,1,0.015873015873015872
Administração Park Way - RA XXIV,2024,63,7.323483560090703,22.22222222222222,46.03174603174603,4.761904761904762,19.047619047619047,6,0.09523809523809523
Administração Planaltina - RA VI,2024,97,6.4459616545893725,5.154639175257731,37.11340206185567,6.185567010309279,3.0927835051546393,4,0.041237113402061855
Administração Plano Piloto - RA I,2024,226,6.882838753387534,9.29203539823009,45.13274336283185,4.867256637168142,2.2123893805309733,9,0.03982300884955752
Administração Recanto das Emas - RA XV,2024,77,10.575374634502923,1.2987012987012987,12.987012987012985,11.688311688311687,6.493506493506493,0,0.0
Administração Regional de Água Quente - RA XXXV,2024,19,6.737704248366013,10.526315789473683,36.84210526315789,26.31578947368421,10.526315789473683,2,0.10526315789473684
Administração Riacho Fundo I - RA XVII,2024,82,5.67494131455399,13.414634146341465,0.0,0.0,1.2195121951219512,9,0.10975609756097561
Administração Riacho Fundo II - RA XXI,2024,60,2.728919491525424,1.6666666666666667,11.666666666666666,1.6666666666666667,1.6666666666666667,0,0.0
Administração S.C.I.A / Estrutural - RA XXV,2024,106,13.63173377028714,16.037735849056602,70.75471698113208,0.0,5.660377358490567,14,0.1320754716981132
Administração S.I.A - RA XXIX,2024,34,8.514359318996416,8.823529411764707,29.411764705882355,2.941176470588235,8.823529411764707,0,0.0
Administração Samambaia - RA XII,2024,184,5.062871732026144,7.608695652173914,44.565217391304344,2.1739130434782608,1.0869565217391304,12,0.06521739130434782
Administração Santa Maria - RA XIII,2024,93,9.665826023391812,59.13978494623656,100.0,0.0,0.0,1,0.010752688172043012
Administração Sobradinho - RA V,2024,91,4.121855493133583,2.197802197802198,20.87912087912088,9.89010989010989,2.197802197802198,0,0.0
Administração Sobradinho II - RA XXVI,2024,69,4.407843137254902,1.4492753623188406,34.78260869565217,1.4492753623188406,2.898550724637681,0,0.0
Administração Sol Nascente/Pôr do Sol - RA XXXII,2024,68,7.848280423280423,7.352941176470589,100.0,0.0,0.0,0,0.0
Administração Sudoeste / Octogonal - RA XXII,2024,53,7.733976964769648,22.641509433962266,50.943396226415096,3.7735849056603774,5.660377358490567,1,0.018867924528301886
Administração São Sebastião - RA XIV,2024,86,12.54998123123123,13.953488372093023,33.72093023255814,4.651162790697675,11.627906976744185,5,0.05813953488372093
Administração Taguatinga - RA III,2024,122,2.804784604519774,3.278688524590164,14.754098360655737,8.19672131147541,1.639344262295082,3,0.02459016393442623
Administração Varjão - RA XXIII,2024,29,8.276678240740742,17.24137931034483,41.37931034482759,10.344827586206897,0.0,0,0.0
Administração Vicente Pires - RA XXX,2024,80,3.8993856837606837,2.5,16.25,1.25,6.25,0,0.0
Administração Águas Claras - RA XX,2024,102,2.515065789473684,6.862745098039216,27.450980392156865,1.9607843137254901,2.941176470588235,4,0.0392156862745098
ArPDF - Arquivo Público do Distrito Federal,2024,57,10.8708455165692,0.0,36.84210526315789,3.508771929824561,0.0,0,0.0
BRB - Banco de Brasília S/A,2024,142,7.156906761412576,9.15492957746479,30.28169014084507,14.084507042253522,5.633802816901409,10,0.07042253521126761
CACI - Casa Civil do Distrito Federal,2024,189,,100.0,100.0,0.0,0.0,27,0.14285714285714285
CAESB - Companhia de Saneamento do Distrito Federal,2024,504,5.969641376451078,20.238095238095237,55.952380952380956,18.650793650793652,1.7857142857142856,64,0.12698412698412698
CAMI-Casa Militar do Distrito Federal,2024,43,7.326306216931217,2.3255813953488373,41.86046511627907,13.953488372093023,2.3255813953488373,1,0.023255813953488372
CBMDF - Corpo de Bombeiros Militar do Distrito Federal,2024,494,5.306254208754209,33.198380566801625,93.11740890688259,1.8218623481781375,0.6072874493927125,17,0.03441295546558704
CEASA - Centrais de Abastecimento do Distrito Federal,2024,43,11.880536265432099,16.27906976744186,53.48837209302325,2.3255813953488373,0.0,1,0.023255813953488372
CEB - Companhia Energética de Brasília,2024,201,7.845043103448275,13.432835820895523,25.37313432835821,5.970149253731343,20.8955223880597,17,0.0845771144278607
CGDF - Controladoria-Geral do Distrito Federal,2024,369,8.690562913907286,18.157181571815716,42.81842818428184,7.317073170731707,11.653116531165312,27,0.07317073170731707
CODHAB - Companhia de Desenvolvimento Habitacional do Distrito Federal,2024,319,18.835840352988367,13.166144200626958,76.8025078369906,7.210031347962382,1.8808777429467085,33,0.10344827586206896
DER - Departamento de Estradas de Rodagem,2024,438,7.38090167548501,28.08219178082192,69.63470319634703,13.013698630136986,1.141552511415525,36,0.0821917808219178
DETRAN - Departamento de Trânsito,2024,1202,9.028719096334186,34.94176372712147,45.92346089850249,28.95174708818636,2.246256239600666,82,0.06821963394342762
DFLEGAL - Secretaria de Estado de Proteção da Ordem Urbanística do Distrito Federal,2024,1698,5.468391336023313,12.426383981154299,52.179034157832746,19.67020023557126,2.237926972909305,103,0.06065959952885748
DPDF - Defensoria Pública do Distrito Federal,2024,233,7.767678464755078,20.171673819742487,27.467811158798284,3.862660944206009,1.2875536480686696,12,0.05150214592274678
EMATER - Empresa de Assistência Técnica e Extensão Rural,2024,72,9.687892512077296,4.166666666666666,91.66666666666666,1.3888888888888888,0.0,1,0.013888888888888888
FAP - Fundação de Apoio à Pesquisa,2024,41,8.179960317460317,14.634146341463413,51.21951219512195,4.878048780487805,2.4390243902439024,4,0.0975609756097561
FEPECS - Fundação de Ensino e Pesquisa em Ciência da Saúde,2024,75,6.402929292929293,26.666666666666668,46.666666666666664,4.0,6.666666666666667,8,0.10666666666666667
FHB - Fundação Hemocentro de Brasília,2024,93,7.596693615257048,27.956989247311824,75.26881720430107,11.827956989247312,3.225806451612903,4,0.043010752688172046
FJZB - Fundação Jardim Zoológico de Brasilia,2024,61,7.483713312368972,13.114754098360656,65.57377049180327,3.278688524590164,0.0,6,0.09836065573770492
FUNAP - Fundação de Amparo ao Trabalhador Preso,2024,120,2.229153182308522,14.166666666666666,28.333333333333332,3.3333333333333335,2.5,1,0.008333333333333333
IBRAM - Instituto do Meio Ambiente e Recursos Hídricos do Distrito Federal - Brasília Ambiental,2024,488,13.774998086929905,25.614754098360653,61.065573770491795,8.60655737704918,3.278688524590164,17,0.03483606557377049
INAS - Instituto de Assistência à Saúde dos Servidores do DF,2024,120,7.024269005847953,5.0,15.0,13.333333333333334,5.833333333333333,3,0.025
IPEDF - Instituto de Pesquisa e Estatística do Distrito Federal - Codeplan,2024,100,4.293719806763285,8.0,74.0,1.0,1.0,1,0.01
IPREV/DF - Instituto de Previdência dos Servidores,2024,112,9.574805555555555,33.035714285714285,50.89285714285714,20.535714285714285,1.7857142857142856,3,0.026785714285714284
JBB - Jardim Botânico de Brasília,2024,35,4.55959595959596,5.714285714285714,54.285714285714285,0.0,14.285714285714285,0,0.0
"JUCIS-DF - Junta Comercial, Industrial e Serviços do Distrito Federal",2024,131,7.278107040229885,11.450381679389313,42.74809160305343,13.740458015267176,10.687022900763358,0,0.0
METRÔ - Companhia do Metropolitano do Distrito Federal,2024,160,19.424714381720428,22.5,70.0,4.375,9.375,5,0.03125
NOVACAP - Companhia Urbanizadora da Nova Capital do Brasil,2024,657,10.877857078122167,6.69710806697108,65.44901065449011,0.60882800608828,1.36986301369863,29,0.0441400304414003
PCDF - Polícia Civil do Distrito Federal,2024,665,11.564245065265839,47.51879699248121,95.18796992481204,1.3533834586466165,0.30075187969924816,41,0.061654135338345864
PGDF - Procuradoria Geral do Distrito Federal,2024,350,5.758644203770557,20.857142857142858,39.714285714285715,16.0,10.285714285714285,10,0.02857142857142857
PMDF - Polícia Militar do Distrito Federal,2024,441,10.8546609879584,7.936507936507936,54.421768707483,15.873015873015872,9.977324263038549,29,0.06575963718820861
PROCON/DF - Instituto de Defesa do Consumidor do Distrito Federal,2024,317,4.290350481347773,12.618296529968454,38.170347003154575,8.201892744479496,0.9463722397476341,9,0.028391167192429023
SEAC - Secretaria de Atendimento à Comunidade,2024,93,6.1006327160493825,3.225806451612903,21.50537634408602,4.301075268817205,3.225806451612903,1,0.010752688172043012
"SEAGRI - Secretaria de Estado da Agricultura, Abastecimento e Desenvolvimento Rural do Distrito Federal",2024,258,4.3961844569288395,31.007751937984494,61.627906976744185,9.30232558139535,3.10077519379845,10,0.03875968992248062
SEAPE - Secretaria de Estado de Administração Penitenciária,2024,162,11.573987941429802,20.37037037037037,54.32098765432099,8.024691358024691,7.4074074074074066,12,0.07407407407407407
SECEC - Secretaria de Estado de Cultura e Econ. Criativa do DF,2024,239,11.841252608242044,10.87866108786611,79.49790794979079,6.2761506276150625,5.02092050209205,16,0.06694560669456066
SECOM - Secretaria de Estado de Comunicação do Distrito Federal,2024,71,3.8553205128205126,8.450704225352112,54.929577464788736,14.084507042253522,4.225352112676056,3,0.04225352112676056
"SECTI - Secretaria de Estado de Ciência, Tecnologia e Inovação do Distrito Federal",2024,71,9.043272569444444,9.859154929577464,90.14084507042254,0.0,4.225352112676056,1,0.014084507042253521
SEDES - Secretaria de Estado de Desenvolvimento Social do Distrito Federal,2024,437,9.205711028192372,8.009153318077804,39.359267734553775,3.203661327231121,3.203661327231121,22,0.05034324942791762
"SEDET - Secretaria de Estado de Desenvolvimento Econômico, Trabalho e Renda do Distrito Federal",2024,136,6.58425160697888,11.029411764705882,43.38235294117647,2.941176470588235,1.4705882352941175,2,0.014705882352941176
SEDUH - Secretaria de Estado de Desenvolvimento Urbano e Habitação do Distrito Federal,2024,454,3.4072079687085655,7.709251101321586,53.524229074889874,7.048458149779736,3.303964757709251,26,0.05726872246696035
SEE - Secretaria de Estado de Educação do Distrito Federal,2024,1184,9.293103186436934,15.033783783783782,70.52364864864865,5.152027027027027,0.5067567567567568,100,0.08445945945945946
SEFAZ - Secretaria de Estado de Fazenda do Distrito Federal,2024,663,5.5897977582846,14.027149321266968,50.678733031674206,3.167420814479638,4.675716440422323,29,0.043740573152337855
SEFJ - Secretaria de Estado da Família e Juventude do Distrito Federal,2024,74,10.052239827856026,4.054054054054054,16.216216216216218,10.81081081081081,8.108108108108109,1,0.013513513513513514
SEGOV - Secretaria de Estado de Governo,2024,178,5.696536512928023,10.674157303370785,16.853932584269664,1.1235955056179776,67.97752808988764,9,0.05056179775280899
SEJUS - Secretaria de Estado de Justiça e Cidadania do Distrito do Distrito Federal,2024,394,7.400357851473923,50.25380710659898,58.37563451776649,10.913705583756345,6.091370558375635,21,0.0532994923857868
SELDF - Secretaria de Estado do Esporte e Lazer do Distrito Federal,2024,149,3.9175162529550827,36.91275167785235,65.1006711409396,0.0,0.0,5,0.03355704697986577
SEMA - Secretaria de Estado do Meio Ambiente do Distrito Federal,2024,348,3.995812353138637,4.885057471264368,76.4367816091954,1.7241379310344827,1.1494252873563218,7,0.020114942528735632
SEMOB - Secretaria de Estado de Transporte e Mobilidade do Distrito Federal,2024,492,9.049428684003152,42.68292682926829,64.43089430894308,1.8292682926829267,4.878048780487805,59,0.11991869918699187
"SEPLAD - Secretaria de Estado de Planejamento, Orçamento e Administração",2024,655,8.928004986950038,9.007633587786259,53.12977099236641,12.213740458015266,5.9541984732824424,48,0.0732824427480916
SES - Secretaria de Estado de Saúde do Distrito Federal,2024,2046,6.621761226175725,7.966764418377322,46.38318670576735,10.703812316715542,2.3949169110459434,140,0.06842619745845552
SETUR - Secretaria de Estado de Turismo do Distrito Federal,2024,59,12.880830712788262,10.16949152542373,96.61016949152543,0.0,1.694915254237288,0,0.0
SLU - Serviço de Limpeza Urbana,2024,207,6.001334175084175,20.28985507246377,49.275362318840585,0.966183574879227,2.4154589371980677,4,0.01932367149758454
SMDF - Secretaria de Estado da Mulher do Distrito Federal,2024,113,7.091830808080808,2.6548672566371683,41.5929203539823,28.31858407079646,7.964601769911504,0,0.0
SODF - Secretaria de Estado de Obras e Infraestrutura do Distrito Federal,2024,137,9.18287037037037,38.68613138686132,80.2919708029197,1.4598540145985401,0.0,13,0.0948905109489051
SSP - Secretaria de Estado da Segurança Pública do Distrito Federal,2024,280,10.68673552754435,15.0,36.78571428571429,9.642857142857144,2.5,11,0.039285714285714285
TCB - Sociedade de Transportes Coletivos de Brasília,2024,48,6.360399305555555,16.666666666666664,52.083333333333336,4.166666666666666,2.083333333333333,0,0.0
TERRACAP - Companhia Imobiliária de Brasília,2024,465,6.1880016423878885,16.344086021505376,60.43010752688171,13.118279569892474,3.870967741935484,57,0.12258064516129032
UnDF - Universidade do Distrito Federal Professor Jorge Amaury Maia Nunes,2024,116,12.317582742316786,18.96551724137931,93.10344827586206,0.0,2.586206896551724,7,0.0603448275862069
VICEGOV - Vice Governadoria do DF,2024,69,7.886675347222223,7.246376811594203,42.028985507246375,4.3478260869565215,36.231884057971016,4,0.057971014492753624
"ADASA - Agência Reguladora de Águas, Energia e Saneamento",2025,345,4.495301418439716,31.88405797101449,23.768115942028984,4.3478260869565215,1.1594202898550725,8,0.02318840579710145
Administração Arapoanga - RA XXXIV,2025,103,3.205008865248227,8.737864077669903,10.679611650485436,10.679611650485436,2.912621359223301,0,0.0
Administração Arniqueira - RA XXXIII,2025,106,4.386205150462962,9.433962264150944,9.433962264150944,14.150943396226415,4.716981132075472,2,0.018867924528301886
Administração Brazlândia - RA IV,2025,75,20.416047297297297,1.3333333333333335,13.333333333333334,13.333333333333334,0.0,0,0.0
Administração Candangolândia - RA XIX,2025,36,2.8829248366013074,5.555555555555555,19.444444444444446,0.0,5.555555555555555,0,0.0
Administração Ceilândia - RA IX,2025,371,3.6803946955430007,4.5822102425876015,41.77897574123989,7.547169811320755,2.6954177897574128,14,0.03773584905660377
Administração Cruzeiro - RA XI,2025,45,2.7082175925925926,6.666666666666667,42.22222222222222,4.444444444444445,0.0,0,0.0
Administração Fercal - RA XXXI,2025,34,7.4538082437275985,8.823529411764707,0.0,0.0,2.941176470588235,2,0.058823529411764705
Administração Gama - RA II,2025,111,6.095019841269841,5.405405405405405,26.126126126126124,9.90990990990991,4.504504504504505,5,0.04504504504504504
Administração Guará - RA X,2025,149,3.8941978663446055,7.38255033557047,14.093959731543624,6.0402684563758395,4.026845637583892,8,0.053691275167785234
Administração Itapoã - RA XXVIII,2025,76,7.341157407407407,1.3157894736842104,14.473684210526317,1.3157894736842104,3.9473684210526314,1,0.013157894736842105
Administração Jardim Botânico - RA XXVII,2025,76,5.254682539682539,7.894736842105263,36.84210526315789,3.9473684210526314,7.894736842105263,5,0.06578947368421052
Administração Lago Norte - RA-XVIII,2025,105,2.430262027491409,7.6190476190476195,33.33333333333333,11.428571428571429,0.0,2,0.01904761904761905
Administração Lago Sul - RA XVI,2025,61,2.3095012626262625,27.86885245901639,26.229508196721312,3.278688524590164,6.557377049180328,1,0.01639344262295082
Administração Núcleo Bandeirante - RA VIII,2025,66,3.2653205128205127,1.5151515151515151,3.0303030303030303,4.545454545454546,0.0,0,0.0
Administração Paranoá - RA VII,2025,77,11.406963470319635,5.194805194805195,49.35064935064935,6.493506493506493,1.2987012987012987,2,0.025974025974025976
Administração Park Way - RA XXIV,2025,48,5.369728535353535,8.333333333333332,29.166666666666668,6.25,2.083333333333333,1,0.020833333333333332
Administração Planaltina - RA VI,2025,93,4.988773148148148,3.225806451612903,21.50537634408602,8.60215053763441,4.301075268817205,1,0.010752688172043012
Administração Plano Piloto - RA I,2025,227,5.994377599524658,17.62114537444934,42.290748898678416,3.0837004405286343,0.4405286343612335,5,0.022026431718061675
Administração Recanto das Emas - RA XV,2025,67,13.044641376451079,0.0,8.955223880597014,5.970149253731343,4.477611940298507,0,0.0
Administração Regional de Água Quente - RA XXXV,2025,38,8.3046783625731,0.0,21.052631578947366,13.157894736842104,0.0,0,0.0
Administração Riacho Fundo I - RA XVII,2025,63,3.04212204007286,3.1746031746031744,0.0,0.0,1.5873015873015872,2,0.031746031746031744
Administração Riacho Fundo II - RA XXI,2025,69,1.907936507936508,8.695652173913043,4.3478260869565215,0.0,0.0,1,0.014492753623188406
Administração S.C.I.A / Estrutural - RA XXV,2025,40,5.734882478632478,2.5,5.0,5.0,17.5,1,0.025
Administração S.I.A - RA XXIX,2025,49,9.845530626780628,20.408163265306122,18.367346938775512,8.16326530612245,2.0408163265306123,0,0.0
Administração Samambaia - RA XII,2025,235,6.496060161920715,15.319148936170212,55.74468085106383,4.680851063829787,2.9787234042553195,28,0.11914893617021277
Administração Santa Maria - RA XIII,2025,92,5.493736111111112,45.65217391304348,86.95652173913044,6.521739130434782,2.1739130434782608,1,0.010869565217391304
Administração Sobradinho - RA V,2025,124,2.3631041102077686,0.8064516129032258,17.741935483870968,2.4193548387096775,0.8064516129032258,0,0.0
Administração Sobradinho II - RA XXVI,2025,74,3.1050469483568075,4.054054054054054,32.432432432432435,6.756756756756757,0.0,2,0.02702702702702703
Administração Sol Nascente/Pôr do Sol - RA XXXII,2025,66,8.111760752688172,6.0606060606060606,84.84848484848484,1.5151515151515151,0.0,2,0.030303030303030304
Administração Sudoeste / Octogonal - RA XXII,2025,89,11.018875227686703,31.46067415730337,58.42696629213483,7.865168539325842,2.247191011235955,2,0.02247191011235955
Administração São Sebastião - RA XIV,2025,154,9.975833333333334,5.844155844155844,11.688311688311687,5.194805194805195,20.77922077922078,4,0.025974025974025976
Administração Taguatinga - RA III,2025,137,2.836519296013571,4.37956204379562,25.547445255474454,5.109489051094891,1.4598540145985401,4,0.029197080291970802
Administração Varjão - RA XXIII,2025,29,2.2409482758620687,0.0,10.344827586206897,6.896551724137931,3.4482758620689653,0,0.0
Administração Vicente Pires - RA XXX,2025,83,2.6289975071225067,6.024096385542169,19.27710843373494,3.614457831325301,4.819277108433735,1,0.012048192771084338
Administração Águas Claras - RA XX,2025,108,3.2155498281786943,10.185185185185185,34.25925925925926,0.9259259259259258,3.7037037037037033,4,0.037037037037037035
ArPDF - Arquivo Público do Distrito Federal,2025,63,15.828046594982078,1.5873015873015872,31.746031746031743,0.0,0.0,1,0.015873015873015872
BRB - Banco de Brasília S/A,2025,166,7.1431866744366745,13.855421686746988,36.144578313253014,15.060240963855422,6.626506024096386,19,0.1144578313253012
CACI - Casa Civil do Distrito Federal,2025,230,,100.0,100.0,0.0,0.0,19,0.08260869565217391
CAESB - Companhia de Saneamento do Distrito Federal,2025,477,10.080483525413712,21.17400419287212,52.41090146750524,17.19077568134172,1.257861635220126,45,0.09433962264150944
CAMI-Casa Militar do Distrito Federal,2025,34,4.749189814814815,11.76470588235294,29.411764705882355,11.76470588235294,0.0,0,0.0
CBMDF - Corpo de Bombeiros Militar do Distrito Federal,2025,324,6.506749999999999,38.2716049382716,90.12345679012346,1.8518518518518516,1.5432098765432098,18,0.05555555555555555
CEASA - Centrais de Abastecimento do Distrito Federal,2025,43,15.165570175438596,11.627906976744185,58.139534883720934,13.953488372093023,0.0,1,0.023255813953488372
CEB - Companhia Energética de Brasília,2025,296,4.842237945492662,10.472972972972974,19.594594594594593,2.7027027027027026,0.33783783783783783,26,0.08783783783783784
CGDF - Controladoria-Geral do Distrito Federal,2025,300,11.462162698412698,18.333333333333332,46.666666666666664,7.000000000000001,0.6666666666666667,26,0.08666666666666667
CODHAB - Companhia de Desenvolvimento Habitacional do Distrito Federal,2025,403,21.728447822822822,8.188585607940446,83.62282878411911,4.962779156327544,1.7369727047146404,25,0.062034739454094295
DER - Departamento de Estradas de Rodagem,2025,1088,7.634816719409282,12.867647058823529,60.56985294117647,19.11764705882353,2.389705882352941,34,0.03125
DETRAN - Departamento de Trânsito,2025,2198,7.003967895822589,11.78343949044586,56.27843494085533,14.740673339399454,1.0464058234758873,70,0.03184713375796178
DFLEGAL - Secretaria de Estado de Proteção da Ordem Urbanística do Distrito Federal,2025,2008,5.037438632589705,23.356573705179283,56.17529880478087,17.181274900398407,2.1912350597609564,100,0.049800796812749
DPDF - Defensoria Pública do Distrito Federal,2025,122,3.2841463414634147,32.78688524590164,33.60655737704918,5.737704918032787,3.278688524590164,6,0.04918032786885246
EMATER - Empresa de Assistência Técnica e Extensão Rural,2025,91,11.099098020434228,4.395604395604396,62.637362637362635,6.593406593406594,4.395604395604396,4,0.04395604395604396
FAP - Fundação de Apoio à Pesquisa,2025,44,6.4060307017543865,13.636363636363635,34.090909090909086,18.181818181818183,0.0,2,0.045454545454545456
FEPECS - Fundação de Ensino e Pesquisa em Ciência da Saúde,2025,53,2.978536821705427,18.867924528301888,37.735849056603776,1.8867924528301887,0.0,1,0.018867924528301886
FHB - Fundação Hemocentro de Brasília,2025,83,5.086655092592593,27.710843373493976,74.69879518072288,9.63855421686747,1.2048192771084338,2,0.024096385542168676
FJZB - Fundação Jardim Zoológico de Brasilia,2025,32,9.505316840277777,0.0,53.125,6.25,3.125,0,0.0
FUNAP - Fundação de Amparo ao Trabalhador Preso,2025,93,2.37942294973545,9.67741935483871,12.903225806451612,4.301075268817205,2.1505376344086025,0,0.0
IBRAM - Instituto do Meio Ambiente e Recursos Hídricos do Distrito Federal - Brasília Ambiental,2025,580,13.950772973638827,22.24137931034483,56.03448275862068,6.206896551724138,2.413793103448276,10,0.017241379310344827
INAS - Instituto de Assistência à Saúde dos Servidores do DF,2025,163,16.61185648148148,7.975460122699387,16.56441717791411,26.993865030674847,3.6809815950920246,8,0.049079754601226995
IPEDF - Instituto de Pesquisa e Estatística do Distrito Federal - Codeplan,2025,98,2.8987731481481482,8.16326530612245,65.3061224489796,0.0,6.122448979591836,5,0.05102040816326531
IPREV/DF - Instituto de Previdência dos Servidores,2025,158,4.53974358974359,25.949367088607595,39.24050632911392,29.746835443037973,1.89873417721519,8,0.05063291139240506
JBB - Jardim Botânico de Brasília,2025,32,3.727956989247312,3.125,37.5,12.5,3.125,1,0.03125
"JUCIS-DF - Junta Comercial, Industrial e Serviços do Distrito Federal",2025,103,5.110624284077892,5.825242718446602,52.42718446601942,4.854368932038835,1.9417475728155338,2,0.019417475728155338
METRÔ - Companhia do Metropolitano do Distrito Federal,2025,158,19.30832795004307,18.354430379746837,72.15189873417721,6.329113924050633,1.2658227848101267,7,0.04430379746835443
NOVACAP - Companhia Urbanizadora da Nova Capital do Brasil,2025,722,11.180875829187396,7.202216066481995,64.9584487534626,0.554016620498615,0.554016620498615,23,0.03185595567867036
PCDF - Polícia Civil do Distrito Federal,2025,604,14.160897435897438,46.19205298013245,94.20529801324503,2.3178807947019866,0.33112582781456956,28,0.046357615894039736
PGDF - Procuradoria Geral do Distrito Federal,2025,276,7.2213041431261775,14.492753623188406,44.20289855072464,20.652173913043477,7.608695652173914,10,0.036231884057971016
PMDF - Polícia Militar do Distrito Federal,2025,477,10.2337345320959,9.643605870020965,56.18448637316562,9.853249475890985,12.78825995807128,36,0.07547169811320754
PROCON/DF - Instituto de Defesa do Consumidor do Distrito Federal,2025,425,4.441905086285195,13.647058823529413,63.294117647058826,1.8823529411764703,1.411764705882353,14,0.03294117647058824
SEAC - Secretaria de Atendimento à Comunidade,2025,83,4.487847222222222,6.024096385542169,28.915662650602407,1.2048192771084338,4.819277108433735,2,0.024096385542168676
"SEAGRI - Secretaria de Estado da Agricultura, Abastecimento e Desenvolvimento Rural do Distrito Federal",2025,423,4.081407675791734,51.06382978723404,60.28368794326241,17.494089834515368,0.4728132387706856,12,0.028368794326241134
SEAPE - Secretaria de Estado de Administração Penitenciária,2025,157,10.44236111111111,23.56687898089172,57.324840764331206,10.828025477707007,5.7324840764331215,11,0.07006369426751592
SECEC - Secretaria de Estado de Cultura e Econ. Criativa do DF,2025,299,16.66510847107438,19.063545150501675,54.515050167224075,13.043478260869565,14.046822742474916,25,0.08361204013377926
SECOM - Secretaria de Estado de Comunicação do Distrito Federal,2025,58,2.4243939393939393,5.172413793103448,100.0,0.0,0.0,2,0.034482758620689655
"SECTI - Secretaria de Estado de Ciência, Tecnologia e Inovação do Distrito Federal",2025,69,9.666733870967741,10.144927536231885,65.21739130434783,4.3478260869565215,5.797101449275362,7,0.10144927536231885
SEDES - Secretaria de Estado de Desenvolvimento Social do Distrito Federal,2025,400,9.503880826737028,5.25,45.0,2.25,2.25,11,0.0275
"SEDET - Secretaria de Estado de Desenvolvimento Econômico, Trabalho e Renda do Distrito Federal",2025,182,5.406699921752739,21.978021978021978,48.9010989010989,2.7472527472527473,2.7472527472527473,4,0.02197802197802198
SEDUH - Secretaria de Estado de Desenvolvimento Urbano e Habitação do Distrito Federal,2025,847,4.2487305555555555,11.452184179456907,76.26918536009445,5.312868949232586,0.11806375442739078,39,0.04604486422668241
SEE - Secretaria de Estado de Educação do Distrito Federal,2025,1771,13.87072495720771,15.697346132128743,79.44664031620553,2.6538678712591754,0.33879164313946925,99,0.055900621118012424
SEFAZ - Secretaria de Estado de Fazenda do Distrito Federal,2025,1081,5.04114324212272,13.228492136910269,30.434782608695656,7.678075855689177,1.757631822386679,38,0.03515263644773358
SEFJ - Secretaria de Estado da Família e Juventude do Distrito Federal,2025,257,10.935304571303586,1.1673151750972763,7.003891050583658,0.7782101167315175,1.9455252918287937,1,0.0038910505836575876
SEGOV - Secretaria de Estado de Governo,2025,387,3.352304804804805,4.3927648578811365,4.909560723514212,0.2583979328165375,89.14728682170544,7,0.01808785529715762
SEJUS - Secretaria de Estado de Justiça e Cidadania do Distrito do Distrito Federal,2025,309,8.166477272727272,35.92233009708738,57.28155339805825,8.414239482200648,9.06148867313916,19,0.061488673139158574
SELDF - Secretaria de Estado do Esporte e Lazer do Distrito Federal,2025,167,6.550154320987654,35.32934131736527,52.09580838323353,2.3952095808383236,5.389221556886228,8,0.04790419161676647
SEMA - Secretaria de Estado do Meio Ambiente do Distrito Federal,2025,187,4.48899765729585,11.229946524064172,51.87165775401069,2.13903743315508,4.27807486631016,3,0.016042780748663103
SEMOB - Secretaria de Estado de Transporte e Mobilidade do Distrito Federal,2025,480,9.070684865900382,39.58333333333333,76.04166666666666,1.875,1.4583333333333333,23,0.04791666666666667
"SEPLAD - Secretaria de Estado de Planejamento, Orçamento e Administração",2025,661,13.615304309708382,8.925869894099849,67.0196671709531,8.32072617246596,2.118003025718608,54,0.08169440242057488
SES - Secretaria de Estado de Saúde do Distrito Federal,2025,1963,7.33621104815864,10.086602139582272,51.502801833927656,13.448802852776362,1.9867549668874174,146,0.07437595517065716
SETUR - Secretaria de Estado de Turismo do Distrito Federal,2025,98,12.265871913580245,8.16326530612245,100.0,0.0,0.0,6,0.061224489795918366
SLU - Serviço de Limpeza Urbana,2025,177,5.553707694763729,1.694915254237288,44.632768361581924,0.0,0.5649717514124294,1,0.005649717514124294
SMDF - Secretaria de Estado da Mulher do Distrito Federal,2025,73,6.54453125,12.32876712328767,78.08219178082192,4.10958904109589,0.0,2,0.0273972602739726
SODF - Secretaria de Estado de Obras e Infraestrutura do Distrito Federal,2025,193,10.529044405320814,26.42487046632124,73.57512953367875,2.5906735751295336,1.0362694300518136,12,0.06217616580310881
SSP - Secretaria de Estado da Segurança Pública do Distrito Federal,2025,226,12.92440159574468,16.8141592920354,42.0353982300885,7.52212389380531,11.946902654867257,9,0.03982300884955752
TCB - Sociedade de Transportes Coletivos de Brasília,2025,38,5.016927083333333,15.789473684210526,52.63157894736842,2.631578947368421,2.631578947368421,1,0.02631578947368421
TERRACAP - Companhia Imobiliária de Brasília,2025,593,6.095716525857655,26.812816188870155,63.91231028667791,12.478920741989882,4.721753794266442,39,0.0657672849915683
UnDF - Universidade do Distrito Federal Professor Jorge Amaury Maia Nunes,2025,80,10.137489149305555,20.0,78.75,8.75,3.75,8,0.1
VICEGOV - Vice Governadoria do DF,2025,332,1.0854755892255892,0.6024096385542169,2.108433734939759,1.2048192771084338,0.6024096385542169,0,0.0
